{
    "loss": 1.2476903200149536,
    "accuracy": 0.8848921060562134
}