{
    "loss": 1.3980052471160889,
    "accuracy": 0.8417266011238098
}