{
    "loss": 12.271740913391113,
    "accuracy": 0.5179855823516846
}